date;prayer;time
01-Jan;Fajr;06:19
01-Jan;Shuruq;08:34
01-Jan;Dhuhr;12:17
01-Jan;Aser;13:35
01-Jan;Maghrib;15:51
01-Jan;Isha;17:51
02-Jan;Fajr;06:19
02-Jan;Shuruq;08:34
02-Jan;Dhuhr;12:18
02-Jan;Aser;13:36
02-Jan;Maghrib;15:52
02-Jan;Isha;17:52
03-Jan;Fajr;06:19
03-Jan;Shuruq;08:33
03-Jan;Dhuhr;12:18
03-Jan;Aser;13:37
03-Jan;Maghrib;15:53
03-Jan;Isha;17:53
04-Jan;Fajr;06:19
04-Jan;Shuruq;08:33
04-Jan;Dhuhr;12:19
04-Jan;Aser;13:38
04-Jan;Maghrib;15:55
04-Jan;Isha;17:54
05-Jan;Fajr;06:19
05-Jan;Shuruq;08:32
05-Jan;Dhuhr;12:19
05-Jan;Aser;13:39
05-Jan;Maghrib;15:56
05-Jan;Isha;17:55
06-Jan;Fajr;06:19
06-Jan;Shuruq;08:32
06-Jan;Dhuhr;12:20
06-Jan;Aser;13:40
06-Jan;Maghrib;15:58
06-Jan;Isha;17:56
07-Jan;Fajr;06:18
07-Jan;Shuruq;08:31
07-Jan;Dhuhr;12:20
07-Jan;Aser;13:41
07-Jan;Maghrib;15:59
07-Jan;Isha;17:57
08-Jan;Fajr;06:18
08-Jan;Shuruq;08:31
08-Jan;Dhuhr;12:21
08-Jan;Aser;13:43
08-Jan;Maghrib;16:01
08-Jan;Isha;17:58
09-Jan;Fajr;06:18
09-Jan;Shuruq;08:30
09-Jan;Dhuhr;12:21
09-Jan;Aser;13:44
09-Jan;Maghrib;16:02
09-Jan;Isha;17:59
10-Jan;Fajr;06:17
10-Jan;Shuruq;08:29
10-Jan;Dhuhr;12:21
10-Jan;Aser;13:45
10-Jan;Maghrib;16:04
10-Jan;Isha;18:01
11-Jan;Fajr;06:17
11-Jan;Shuruq;08:28
11-Jan;Dhuhr;12:22
11-Jan;Aser;13:46
11-Jan;Maghrib;16:05
11-Jan;Isha;18:02
12-Jan;Fajr;06:16
12-Jan;Shuruq;08:27
12-Jan;Dhuhr;12:22
12-Jan;Aser;13:48
12-Jan;Maghrib;16:07
12-Jan;Isha;18:03
13-Jan;Fajr;06:16
13-Jan;Shuruq;08:26
13-Jan;Dhuhr;12:23
13-Jan;Aser;13:49
13-Jan;Maghrib;16:09
13-Jan;Isha;18:05
14-Jan;Fajr;06:15
14-Jan;Shuruq;08:25
14-Jan;Dhuhr;12:23
14-Jan;Aser;13:50
14-Jan;Maghrib;16:11
14-Jan;Isha;18:06
15-Jan;Fajr;06:14
15-Jan;Shuruq;08:24
15-Jan;Dhuhr;12:23
15-Jan;Aser;13:52
15-Jan;Maghrib;16:12
15-Jan;Isha;18:08
16-Jan;Fajr;06:14
16-Jan;Shuruq;08:23
16-Jan;Dhuhr;12:24
16-Jan;Aser;13:53
16-Jan;Maghrib;16:14
16-Jan;Isha;18:09
17-Jan;Fajr;06:13
17-Jan;Shuruq;08:22
17-Jan;Dhuhr;12:24
17-Jan;Aser;13:55
17-Jan;Maghrib;16:16
17-Jan;Isha;18:11
18-Jan;Fajr;06:12
18-Jan;Shuruq;08:21
18-Jan;Dhuhr;12:24
18-Jan;Aser;13:56
18-Jan;Maghrib;16:18
18-Jan;Isha;18:12
19-Jan;Fajr;06:11
19-Jan;Shuruq;08:19
19-Jan;Dhuhr;12:25
19-Jan;Aser;13:58
19-Jan;Maghrib;16:20
19-Jan;Isha;18:14
20-Jan;Fajr;06:10
20-Jan;Shuruq;08:18
20-Jan;Dhuhr;12:25
20-Jan;Aser;13:59
20-Jan;Maghrib;16:22
20-Jan;Isha;18:15
21-Jan;Fajr;06:09
21-Jan;Shuruq;08:17
21-Jan;Dhuhr;12:25
21-Jan;Aser;14:01
21-Jan;Maghrib;16:24
21-Jan;Isha;18:17
22-Jan;Fajr;06:08
22-Jan;Shuruq;08:15
22-Jan;Dhuhr;12:26
22-Jan;Aser;14:02
22-Jan;Maghrib;16:26
22-Jan;Isha;18:18
23-Jan;Fajr;06:07
23-Jan;Shuruq;08:14
23-Jan;Dhuhr;12:26
23-Jan;Aser;14:04
23-Jan;Maghrib;16:28
23-Jan;Isha;18:20
24-Jan;Fajr;06:06
24-Jan;Shuruq;08:12
24-Jan;Dhuhr;12:26
24-Jan;Aser;14:06
24-Jan;Maghrib;16:30
24-Jan;Isha;18:22
25-Jan;Fajr;06:05
25-Jan;Shuruq;08:11
25-Jan;Dhuhr;12:26
25-Jan;Aser;14:07
25-Jan;Maghrib;16:32
25-Jan;Isha;18:23
26-Jan;Fajr;06:04
26-Jan;Shuruq;08:09
26-Jan;Dhuhr;12:27
26-Jan;Aser;14:09
26-Jan;Maghrib;16:34
26-Jan;Isha;18:25
27-Jan;Fajr;06:02
27-Jan;Shuruq;08:07
27-Jan;Dhuhr;12:27
27-Jan;Aser;14:11
27-Jan;Maghrib;16:36
27-Jan;Isha;18:27
28-Jan;Fajr;06:01
28-Jan;Shuruq;08:06
28-Jan;Dhuhr;12:27
28-Jan;Aser;14:12
28-Jan;Maghrib;16:38
28-Jan;Isha;18:28
29-Jan;Fajr;06:00
29-Jan;Shuruq;08:04
29-Jan;Dhuhr;12:27
29-Jan;Aser;14:14
29-Jan;Maghrib;16:40
29-Jan;Isha;18:30
30-Jan;Fajr;05:58
30-Jan;Shuruq;08:02
30-Jan;Dhuhr;12:27
30-Jan;Aser;14:15
30-Jan;Maghrib;16:43
30-Jan;Isha;18:32
31-Jan;Fajr;05:57
31-Jan;Shuruq;08:00
31-Jan;Dhuhr;12:28
31-Jan;Aser;14:17
31-Jan;Maghrib;16:45
31-Jan;Isha;18:34
01-Feb;Fajr;05:55
01-Feb;Shuruq;07:58
01-Feb;Dhuhr;12:28
01-Feb;Aser;14:19
01-Feb;Maghrib;16:47
01-Feb;Isha;18:36
02-Feb;Fajr;05:54
02-Feb;Shuruq;07:56
02-Feb;Dhuhr;12:28
02-Feb;Aser;14:21
02-Feb;Maghrib;16:49
02-Feb;Isha;18:37
03-Feb;Fajr;05:52
03-Feb;Shuruq;07:55
03-Feb;Dhuhr;12:28
03-Feb;Aser;14:22
03-Feb;Maghrib;16:51
03-Feb;Isha;18:39
04-Feb;Fajr;05:51
04-Feb;Shuruq;07:53
04-Feb;Dhuhr;12:28
04-Feb;Aser;14:24
04-Feb;Maghrib;16:53
04-Feb;Isha;18:41
05-Feb;Fajr;05:49
05-Feb;Shuruq;07:51
05-Feb;Dhuhr;12:28
05-Feb;Aser;14:26
05-Feb;Maghrib;16:56
05-Feb;Isha;18:43
06-Feb;Fajr;05:47
06-Feb;Shuruq;07:49
06-Feb;Dhuhr;12:28
06-Feb;Aser;14:27
06-Feb;Maghrib;16:58
06-Feb;Isha;18:45
07-Feb;Fajr;05:46
07-Feb;Shuruq;07:46
07-Feb;Dhuhr;12:28
07-Feb;Aser;14:29
07-Feb;Maghrib;17:00
07-Feb;Isha;18:47
08-Feb;Fajr;05:44
08-Feb;Shuruq;07:44
08-Feb;Dhuhr;12:28
08-Feb;Aser;14:31
08-Feb;Maghrib;17:02
08-Feb;Isha;18:48
09-Feb;Fajr;05:42
09-Feb;Shuruq;07:42
09-Feb;Dhuhr;12:28
09-Feb;Aser;14:32
09-Feb;Maghrib;17:04
09-Feb;Isha;18:50
10-Feb;Fajr;05:40
10-Feb;Shuruq;07:40
10-Feb;Dhuhr;12:28
10-Feb;Aser;14:34
10-Feb;Maghrib;17:07
10-Feb;Isha;18:52
11-Feb;Fajr;05:38
11-Feb;Shuruq;07:38
11-Feb;Dhuhr;12:28
11-Feb;Aser;14:36
11-Feb;Maghrib;17:09
11-Feb;Isha;18:54
12-Feb;Fajr;05:36
12-Feb;Shuruq;07:36
12-Feb;Dhuhr;12:28
12-Feb;Aser;14:37
12-Feb;Maghrib;17:11
12-Feb;Isha;18:56
13-Feb;Fajr;05:34
13-Feb;Shuruq;07:34
13-Feb;Dhuhr;12:28
13-Feb;Aser;14:39
13-Feb;Maghrib;17:13
13-Feb;Isha;18:58
14-Feb;Fajr;05:32
14-Feb;Shuruq;07:31
14-Feb;Dhuhr;12:28
14-Feb;Aser;14:41
14-Feb;Maghrib;17:15
14-Feb;Isha;19:00
15-Feb;Fajr;05:30
15-Feb;Shuruq;07:29
15-Feb;Dhuhr;12:28
15-Feb;Aser;14:42
15-Feb;Maghrib;17:18
15-Feb;Isha;19:02
16-Feb;Fajr;05:28
16-Feb;Shuruq;07:27
16-Feb;Dhuhr;12:28
16-Feb;Aser;14:44
16-Feb;Maghrib;17:20
16-Feb;Isha;19:04
17-Feb;Fajr;05:26
17-Feb;Shuruq;07:24
17-Feb;Dhuhr;12:28
17-Feb;Aser;14:46
17-Feb;Maghrib;17:22
17-Feb;Isha;19:06
18-Feb;Fajr;05:24
18-Feb;Shuruq;07:22
18-Feb;Dhuhr;12:28
18-Feb;Aser;14:47
18-Feb;Maghrib;17:24
18-Feb;Isha;19:08
19-Feb;Fajr;05:22
19-Feb;Shuruq;07:20
19-Feb;Dhuhr;12:28
19-Feb;Aser;14:49
19-Feb;Maghrib;17:26
19-Feb;Isha;19:10
20-Feb;Fajr;05:20
20-Feb;Shuruq;07:17
20-Feb;Dhuhr;12:28
20-Feb;Aser;14:51
20-Feb;Maghrib;17:29
20-Feb;Isha;19:12
21-Feb;Fajr;05:17
21-Feb;Shuruq;07:15
21-Feb;Dhuhr;12:28
21-Feb;Aser;14:52
21-Feb;Maghrib;17:31
21-Feb;Isha;19:14
22-Feb;Fajr;05:15
22-Feb;Shuruq;07:13
22-Feb;Dhuhr;12:28
22-Feb;Aser;14:54
22-Feb;Maghrib;17:33
22-Feb;Isha;19:16
23-Feb;Fajr;05:13
23-Feb;Shuruq;07:10
23-Feb;Dhuhr;12:28
23-Feb;Aser;14:55
23-Feb;Maghrib;17:35
23-Feb;Isha;19:18
24-Feb;Fajr;05:10
24-Feb;Shuruq;07:08
24-Feb;Dhuhr;12:28
24-Feb;Aser;14:57
24-Feb;Maghrib;17:37
24-Feb;Isha;19:20
25-Feb;Fajr;05:08
25-Feb;Shuruq;07:05
25-Feb;Dhuhr;12:27
25-Feb;Aser;14:59
25-Feb;Maghrib;17:39
25-Feb;Isha;19:22
26-Feb;Fajr;05:06
26-Feb;Shuruq;07:03
26-Feb;Dhuhr;12:27
26-Feb;Aser;15:00
26-Feb;Maghrib;17:42
26-Feb;Isha;19:24
27-Feb;Fajr;05:03
27-Feb;Shuruq;07:00
27-Feb;Dhuhr;12:27
27-Feb;Aser;15:02
27-Feb;Maghrib;17:44
27-Feb;Isha;19:26
28-Feb;Fajr;05:01
28-Feb;Shuruq;06:58
28-Feb;Dhuhr;12:27
28-Feb;Aser;15:03
28-Feb;Maghrib;17:46
28-Feb;Isha;19:28
01-Mar;Fajr;04:58
01-Mar;Shuruq;06:55
01-Mar;Dhuhr;12:27
01-Mar;Aser;15:05
01-Mar;Maghrib;17:48
01-Mar;Isha;19:30
02-Mar;Fajr;04:56
02-Mar;Shuruq;06:53
02-Mar;Dhuhr;12:26
02-Mar;Aser;15:06
02-Mar;Maghrib;17:50
02-Mar;Isha;19:33
03-Mar;Fajr;04:53
03-Mar;Shuruq;06:50
03-Mar;Dhuhr;12:26
03-Mar;Aser;15:08
03-Mar;Maghrib;17:52
03-Mar;Isha;19:35
04-Mar;Fajr;04:51
04-Mar;Shuruq;06:48
04-Mar;Dhuhr;12:26
04-Mar;Aser;15:09
04-Mar;Maghrib;17:54
04-Mar;Isha;19:37
05-Mar;Fajr;04:48
05-Mar;Shuruq;06:45
05-Mar;Dhuhr;12:26
05-Mar;Aser;15:11
05-Mar;Maghrib;17:57
05-Mar;Isha;19:39
06-Mar;Fajr;04:45
06-Mar;Shuruq;06:43
06-Mar;Dhuhr;12:26
06-Mar;Aser;15:12
06-Mar;Maghrib;17:59
06-Mar;Isha;19:41
07-Mar;Fajr;04:43
07-Mar;Shuruq;06:40
07-Mar;Dhuhr;12:25
07-Mar;Aser;15:14
07-Mar;Maghrib;18:01
07-Mar;Isha;19:43
08-Mar;Fajr;04:40
08-Mar;Shuruq;06:37
08-Mar;Dhuhr;12:25
08-Mar;Aser;15:15
08-Mar;Maghrib;18:03
08-Mar;Isha;19:45
09-Mar;Fajr;04:37
09-Mar;Shuruq;06:35
09-Mar;Dhuhr;12:25
09-Mar;Aser;15:17
09-Mar;Maghrib;18:05
09-Mar;Isha;19:48
10-Mar;Fajr;04:34
10-Mar;Shuruq;06:32
10-Mar;Dhuhr;12:25
10-Mar;Aser;15:18
10-Mar;Maghrib;18:07
10-Mar;Isha;19:50
11-Mar;Fajr;04:32
11-Mar;Shuruq;06:30
11-Mar;Dhuhr;12:24
11-Mar;Aser;15:20
11-Mar;Maghrib;18:09
11-Mar;Isha;19:52
12-Mar;Fajr;04:29
12-Mar;Shuruq;06:27
12-Mar;Dhuhr;12:24
12-Mar;Aser;15:21
12-Mar;Maghrib;18:11
12-Mar;Isha;19:54
13-Mar;Fajr;04:26
13-Mar;Shuruq;06:24
13-Mar;Dhuhr;12:24
13-Mar;Aser;15:22
13-Mar;Maghrib;18:13
13-Mar;Isha;19:57
14-Mar;Fajr;04:23
14-Mar;Shuruq;06:22
14-Mar;Dhuhr;12:24
14-Mar;Aser;15:24
14-Mar;Maghrib;18:15
14-Mar;Isha;19:59
15-Mar;Fajr;04:20
15-Mar;Shuruq;06:19
15-Mar;Dhuhr;12:23
15-Mar;Aser;15:25
15-Mar;Maghrib;18:17
15-Mar;Isha;20:01
16-Mar;Fajr;04:17
16-Mar;Shuruq;06:17
16-Mar;Dhuhr;12:23
16-Mar;Aser;15:26
16-Mar;Maghrib;18:20
16-Mar;Isha;20:03
17-Mar;Fajr;04:14
17-Mar;Shuruq;06:14
17-Mar;Dhuhr;12:23
17-Mar;Aser;15:28
17-Mar;Maghrib;18:22
17-Mar;Isha;20:06
18-Mar;Fajr;04:11
18-Mar;Shuruq;06:11
18-Mar;Dhuhr;12:22
18-Mar;Aser;15:29
18-Mar;Maghrib;18:24
18-Mar;Isha;20:08
19-Mar;Fajr;04:08
19-Mar;Shuruq;06:09
19-Mar;Dhuhr;12:22
19-Mar;Aser;15:30
19-Mar;Maghrib;18:26
19-Mar;Isha;20:10
20-Mar;Fajr;04:05
20-Mar;Shuruq;06:06
20-Mar;Dhuhr;12:22
20-Mar;Aser;15:32
20-Mar;Maghrib;18:28
20-Mar;Isha;20:13
21-Mar;Fajr;04:02
21-Mar;Shuruq;06:03
21-Mar;Dhuhr;12:22
21-Mar;Aser;15:33
21-Mar;Maghrib;18:30
21-Mar;Isha;20:15
22-Mar;Fajr;03:59
22-Mar;Shuruq;06:01
22-Mar;Dhuhr;12:21
22-Mar;Aser;15:34
22-Mar;Maghrib;18:32
22-Mar;Isha;20:18
23-Mar;Fajr;03:56
23-Mar;Shuruq;05:58
23-Mar;Dhuhr;12:21
23-Mar;Aser;15:36
23-Mar;Maghrib;18:34
23-Mar;Isha;20:20
24-Mar;Fajr;03:52
24-Mar;Shuruq;05:55
24-Mar;Dhuhr;12:21
24-Mar;Aser;15:37
24-Mar;Maghrib;18:36
24-Mar;Isha;20:23
25-Mar;Fajr;03:49
25-Mar;Shuruq;05:53
25-Mar;Dhuhr;12:20
25-Mar;Aser;15:38
25-Mar;Maghrib;18:38
25-Mar;Isha;20:25
26-Mar;Fajr;04:46
26-Mar;Shuruq;06:50
26-Mar;Dhuhr;13:20
26-Mar;Aser;16:39
26-Mar;Maghrib;19:40
26-Mar;Isha;21:28
27-Mar;Fajr;04:43
27-Mar;Shuruq;06:47
27-Mar;Dhuhr;13:20
27-Mar;Aser;16:40
27-Mar;Maghrib;19:42
27-Mar;Isha;21:30
28-Mar;Fajr;04:39
28-Mar;Shuruq;06:45
28-Mar;Dhuhr;13:19
28-Mar;Aser;16:42
28-Mar;Maghrib;19:44
28-Mar;Isha;21:33
29-Mar;Fajr;04:36
29-Mar;Shuruq;06:42
29-Mar;Dhuhr;13:19
29-Mar;Aser;16:43
29-Mar;Maghrib;19:46
29-Mar;Isha;21:35
30-Mar;Fajr;04:33
30-Mar;Shuruq;06:40
30-Mar;Dhuhr;13:19
30-Mar;Aser;16:44
30-Mar;Maghrib;19:48
30-Mar;Isha;21:38
31-Mar;Fajr;04:29
31-Mar;Shuruq;06:37
31-Mar;Dhuhr;13:19
31-Mar;Aser;16:45
31-Mar;Maghrib;19:50
31-Mar;Isha;21:40
01-Apr;Fajr;04:26
01-Apr;Shuruq;06:34
01-Apr;Dhuhr;13:18
01-Apr;Aser;16:46
01-Apr;Maghrib;19:52
01-Apr;Isha;21:43
02-Apr;Fajr;04:22
02-Apr;Shuruq;06:32
02-Apr;Dhuhr;13:18
02-Apr;Aser;16:48
02-Apr;Maghrib;19:54
02-Apr;Isha;21:46
03-Apr;Fajr;04:19
03-Apr;Shuruq;06:29
03-Apr;Dhuhr;13:18
03-Apr;Aser;16:49
03-Apr;Maghrib;19:56
03-Apr;Isha;21:49
04-Apr;Fajr;04:15
04-Apr;Shuruq;06:26
04-Apr;Dhuhr;13:17
04-Apr;Aser;16:50
04-Apr;Maghrib;19:58
04-Apr;Isha;21:51
05-Apr;Fajr;04:11
05-Apr;Shuruq;06:24
05-Apr;Dhuhr;13:17
05-Apr;Aser;16:51
05-Apr;Maghrib;20:00
05-Apr;Isha;21:54
06-Apr;Fajr;04:08
06-Apr;Shuruq;06:21
06-Apr;Dhuhr;13:17
06-Apr;Aser;16:52
06-Apr;Maghrib;20:03
06-Apr;Isha;21:57
07-Apr;Fajr;04:04
07-Apr;Shuruq;06:19
07-Apr;Dhuhr;13:17
07-Apr;Aser;16:53
07-Apr;Maghrib;20:05
07-Apr;Isha;22:00
08-Apr;Fajr;04:00
08-Apr;Shuruq;06:16
08-Apr;Dhuhr;13:16
08-Apr;Aser;16:54
08-Apr;Maghrib;20:07
08-Apr;Isha;22:03
09-Apr;Fajr;03:56
09-Apr;Shuruq;06:13
09-Apr;Dhuhr;13:16
09-Apr;Aser;16:55
09-Apr;Maghrib;20:09
09-Apr;Isha;22:06
10-Apr;Fajr;03:52
10-Apr;Shuruq;06:11
10-Apr;Dhuhr;13:16
10-Apr;Aser;16:56
10-Apr;Maghrib;20:11
10-Apr;Isha;22:09
11-Apr;Fajr;03:51
11-Apr;Shuruq;06:08
11-Apr;Dhuhr;13:15
11-Apr;Aser;16:57
11-Apr;Maghrib;20:13
11-Apr;Isha;22:10
12-Apr;Fajr;03:50
12-Apr;Shuruq;06:06
12-Apr;Dhuhr;13:15
12-Apr;Aser;16:58
12-Apr;Maghrib;20:15
12-Apr;Isha;22:11
13-Apr;Fajr;03:50
13-Apr;Shuruq;06:03
13-Apr;Dhuhr;13:15
13-Apr;Aser;16:59
13-Apr;Maghrib;20:17
13-Apr;Isha;22:11
14-Apr;Fajr;03:49
14-Apr;Shuruq;06:01
14-Apr;Dhuhr;13:15
14-Apr;Aser;17:00
14-Apr;Maghrib;20:19
14-Apr;Isha;22:12
15-Apr;Fajr;03:48
15-Apr;Shuruq;05:58
15-Apr;Dhuhr;13:14
15-Apr;Aser;17:02
15-Apr;Maghrib;20:21
15-Apr;Isha;22:13
16-Apr;Fajr;03:47
16-Apr;Shuruq;05:55
16-Apr;Dhuhr;13:14
16-Apr;Aser;17:03
16-Apr;Maghrib;20:23
16-Apr;Isha;22:14
17-Apr;Fajr;03:46
17-Apr;Shuruq;05:53
17-Apr;Dhuhr;13:14
17-Apr;Aser;17:04
17-Apr;Maghrib;20:25
17-Apr;Isha;22:15
18-Apr;Fajr;03:45
18-Apr;Shuruq;05:50
18-Apr;Dhuhr;13:14
18-Apr;Aser;17:04
18-Apr;Maghrib;20:27
18-Apr;Isha;22:16
19-Apr;Fajr;03:45
19-Apr;Shuruq;05:48
19-Apr;Dhuhr;13:13
19-Apr;Aser;17:05
19-Apr;Maghrib;20:29
19-Apr;Isha;22:16
20-Apr;Fajr;03:44
20-Apr;Shuruq;05:45
20-Apr;Dhuhr;13:13
20-Apr;Aser;17:06
20-Apr;Maghrib;20:31
20-Apr;Isha;22:17
21-Apr;Fajr;03:43
21-Apr;Shuruq;05:43
21-Apr;Dhuhr;13:13
21-Apr;Aser;17:07
21-Apr;Maghrib;20:33
21-Apr;Isha;22:18
22-Apr;Fajr;03:42
22-Apr;Shuruq;05:41
22-Apr;Dhuhr;13:13
22-Apr;Aser;17:08
22-Apr;Maghrib;20:35
22-Apr;Isha;22:19
23-Apr;Fajr;03:41
23-Apr;Shuruq;05:38
23-Apr;Dhuhr;13:13
23-Apr;Aser;17:09
23-Apr;Maghrib;20:37
23-Apr;Isha;22:20
24-Apr;Fajr;03:40
24-Apr;Shuruq;05:36
24-Apr;Dhuhr;13:12
24-Apr;Aser;17:10
24-Apr;Maghrib;20:39
24-Apr;Isha;22:21
25-Apr;Fajr;03:40
25-Apr;Shuruq;05:33
25-Apr;Dhuhr;13:12
25-Apr;Aser;17:11
25-Apr;Maghrib;20:41
25-Apr;Isha;22:21
26-Apr;Fajr;03:39
26-Apr;Shuruq;05:31
26-Apr;Dhuhr;13:12
26-Apr;Aser;17:12
26-Apr;Maghrib;20:43
26-Apr;Isha;22:22
27-Apr;Fajr;03:38
27-Apr;Shuruq;05:29
27-Apr;Dhuhr;13:12
27-Apr;Aser;17:13
27-Apr;Maghrib;20:45
27-Apr;Isha;22:23
28-Apr;Fajr;03:37
28-Apr;Shuruq;05:26
28-Apr;Dhuhr;13:12
28-Apr;Aser;17:14
28-Apr;Maghrib;20:47
28-Apr;Isha;22:24
29-Apr;Fajr;03:36
29-Apr;Shuruq;05:24
29-Apr;Dhuhr;13:12
29-Apr;Aser;17:15
29-Apr;Maghrib;20:49
29-Apr;Isha;22:25
30-Apr;Fajr;03:35
30-Apr;Shuruq;05:22
30-Apr;Dhuhr;13:12
30-Apr;Aser;17:16
30-Apr;Maghrib;20:51
30-Apr;Isha;22:26
01-May;Fajr;03:35
01-May;Shuruq;05:19
01-May;Dhuhr;13:11
01-May;Aser;17:17
01-May;Maghrib;20:54
01-May;Isha;22:26
02-May;Fajr;03:34
02-May;Shuruq;05:17
02-May;Dhuhr;13:11
02-May;Aser;17:17
02-May;Maghrib;20:56
02-May;Isha;22:27
03-May;Fajr;03:33
03-May;Shuruq;05:15
03-May;Dhuhr;13:11
03-May;Aser;17:18
03-May;Maghrib;20:58
03-May;Isha;22:28
04-May;Fajr;03:32
04-May;Shuruq;05:13
04-May;Dhuhr;13:11
04-May;Aser;17:19
04-May;Maghrib;21:00
04-May;Isha;22:29
05-May;Fajr;03:31
05-May;Shuruq;05:10
05-May;Dhuhr;13:11
05-May;Aser;17:20
05-May;Maghrib;21:02
05-May;Isha;22:30
06-May;Fajr;03:30
06-May;Shuruq;05:08
06-May;Dhuhr;13:11
06-May;Aser;17:21
06-May;Maghrib;21:04
06-May;Isha;22:31
07-May;Fajr;03:29
07-May;Shuruq;05:06
07-May;Dhuhr;13:11
07-May;Aser;17:22
07-May;Maghrib;21:06
07-May;Isha;22:32
08-May;Fajr;03:27
08-May;Shuruq;05:04
08-May;Dhuhr;13:11
08-May;Aser;17:22
08-May;Maghrib;21:08
08-May;Isha;22:33
09-May;Fajr;03:26
09-May;Shuruq;05:02
09-May;Dhuhr;13:11
09-May;Aser;17:23
09-May;Maghrib;21:10
09-May;Isha;22:35
10-May;Fajr;03:25
10-May;Shuruq;05:00
10-May;Dhuhr;13:11
10-May;Aser;17:24
10-May;Maghrib;21:11
10-May;Isha;22:36
11-May;Fajr;03:24
11-May;Shuruq;04:58
11-May;Dhuhr;13:11
11-May;Aser;17:25
11-May;Maghrib;21:13
11-May;Isha;22:37
12-May;Fajr;03:22
12-May;Shuruq;04:56
12-May;Dhuhr;13:11
12-May;Aser;17:26
12-May;Maghrib;21:15
12-May;Isha;22:38
13-May;Fajr;03:21
13-May;Shuruq;04:54
13-May;Dhuhr;13:11
13-May;Aser;17:26
13-May;Maghrib;21:17
13-May;Isha;22:40
14-May;Fajr;03:20
14-May;Shuruq;04:52
14-May;Dhuhr;13:11
14-May;Aser;17:27
14-May;Maghrib;21:19
14-May;Isha;22:41
15-May;Fajr;03:19
15-May;Shuruq;04:50
15-May;Dhuhr;13:11
15-May;Aser;17:28
15-May;Maghrib;21:21
15-May;Isha;22:42
16-May;Fajr;03:18
16-May;Shuruq;04:48
16-May;Dhuhr;13:11
16-May;Aser;17:29
16-May;Maghrib;21:23
16-May;Isha;22:43
17-May;Fajr;03:17
17-May;Shuruq;04:46
17-May;Dhuhr;13:11
17-May;Aser;17:29
17-May;Maghrib;21:25
17-May;Isha;22:44
18-May;Fajr;03:16
18-May;Shuruq;04:45
18-May;Dhuhr;13:11
18-May;Aser;17:30
18-May;Maghrib;21:27
18-May;Isha;22:46
19-May;Fajr;03:15
19-May;Shuruq;04:43
19-May;Dhuhr;13:11
19-May;Aser;17:31
19-May;Maghrib;21:28
19-May;Isha;22:47
20-May;Fajr;03:14
20-May;Shuruq;04:41
20-May;Dhuhr;13:11
20-May;Aser;17:32
20-May;Maghrib;21:30
20-May;Isha;22:48
21-May;Fajr;03:13
21-May;Shuruq;04:40
21-May;Dhuhr;13:11
21-May;Aser;17:32
21-May;Maghrib;21:32
21-May;Isha;22:49
22-May;Fajr;03:12
22-May;Shuruq;04:38
22-May;Dhuhr;13:11
22-May;Aser;17:33
22-May;Maghrib;21:34
22-May;Isha;22:50
23-May;Fajr;03:11
23-May;Shuruq;04:36
23-May;Dhuhr;13:11
23-May;Aser;17:34
23-May;Maghrib;21:35
23-May;Isha;22:51
24-May;Fajr;03:10
24-May;Shuruq;04:35
24-May;Dhuhr;13:11
24-May;Aser;17:34
24-May;Maghrib;21:37
24-May;Isha;22:52
25-May;Fajr;03:09
25-May;Shuruq;04:33
25-May;Dhuhr;13:11
25-May;Aser;17:35
25-May;Maghrib;21:39
25-May;Isha;22:54
26-May;Fajr;03:08
26-May;Shuruq;04:32
26-May;Dhuhr;13:11
26-May;Aser;17:36
26-May;Maghrib;21:40
26-May;Isha;22:55
27-May;Fajr;03:08
27-May;Shuruq;04:31
27-May;Dhuhr;13:11
27-May;Aser;17:36
27-May;Maghrib;21:42
27-May;Isha;22:56
28-May;Fajr;03:07
28-May;Shuruq;04:29
28-May;Dhuhr;13:11
28-May;Aser;17:37
28-May;Maghrib;21:44
28-May;Isha;22:57
29-May;Fajr;03:06
29-May;Shuruq;04:28
29-May;Dhuhr;13:12
29-May;Aser;17:37
29-May;Maghrib;21:45
29-May;Isha;22:58
30-May;Fajr;03:06
30-May;Shuruq;04:27
30-May;Dhuhr;13:12
30-May;Aser;17:38
30-May;Maghrib;21:47
30-May;Isha;22:59
31-May;Fajr;03:05
31-May;Shuruq;04:26
31-May;Dhuhr;13:12
31-May;Aser;17:39
31-May;Maghrib;21:48
31-May;Isha;23:00
01-Jun;Fajr;03:04
01-Jun;Shuruq;04:24
01-Jun;Dhuhr;13:12
01-Jun;Aser;17:39
01-Jun;Maghrib;21:49
01-Jun;Isha;23:01
02-Jun;Fajr;03:04
02-Jun;Shuruq;04:23
02-Jun;Dhuhr;13:12
02-Jun;Aser;17:40
02-Jun;Maghrib;21:51
02-Jun;Isha;23:02
03-Jun;Fajr;03:03
03-Jun;Shuruq;04:22
03-Jun;Dhuhr;13:12
03-Jun;Aser;17:40
03-Jun;Maghrib;21:52
03-Jun;Isha;23:03
04-Jun;Fajr;03:03
04-Jun;Shuruq;04:21
04-Jun;Dhuhr;13:12
04-Jun;Aser;17:41
04-Jun;Maghrib;21:53
04-Jun;Isha;23:03
05-Jun;Fajr;03:02
05-Jun;Shuruq;04:21
05-Jun;Dhuhr;13:13
05-Jun;Aser;17:41
05-Jun;Maghrib;21:55
05-Jun;Isha;23:04
06-Jun;Fajr;03:02
06-Jun;Shuruq;04:20
06-Jun;Dhuhr;13:13
06-Jun;Aser;17:42
06-Jun;Maghrib;21:56
06-Jun;Isha;23:05
07-Jun;Fajr;03:01
07-Jun;Shuruq;04:19
07-Jun;Dhuhr;13:13
07-Jun;Aser;17:42
07-Jun;Maghrib;21:57
07-Jun;Isha;23:06
08-Jun;Fajr;03:01
08-Jun;Shuruq;04:18
08-Jun;Dhuhr;13:13
08-Jun;Aser;17:43
08-Jun;Maghrib;21:58
08-Jun;Isha;23:07
09-Jun;Fajr;03:01
09-Jun;Shuruq;04:18
09-Jun;Dhuhr;13:13
09-Jun;Aser;17:43
09-Jun;Maghrib;21:59
09-Jun;Isha;23:07
10-Jun;Fajr;03:01
10-Jun;Shuruq;04:17
10-Jun;Dhuhr;13:14
10-Jun;Aser;17:44
10-Jun;Maghrib;22:00
10-Jun;Isha;23:08
11-Jun;Fajr;03:00
11-Jun;Shuruq;04:16
11-Jun;Dhuhr;13:14
11-Jun;Aser;17:44
11-Jun;Maghrib;22:01
11-Jun;Isha;23:09
12-Jun;Fajr;03:00
12-Jun;Shuruq;04:16
12-Jun;Dhuhr;13:14
12-Jun;Aser;17:45
12-Jun;Maghrib;22:02
12-Jun;Isha;23:09
13-Jun;Fajr;03:00
13-Jun;Shuruq;04:16
13-Jun;Dhuhr;13:14
13-Jun;Aser;17:45
13-Jun;Maghrib;22:03
13-Jun;Isha;23:10
14-Jun;Fajr;03:00
14-Jun;Shuruq;04:15
14-Jun;Dhuhr;13:14
14-Jun;Aser;17:45
14-Jun;Maghrib;22:03
14-Jun;Isha;23:10
15-Jun;Fajr;03:00
15-Jun;Shuruq;04:15
15-Jun;Dhuhr;13:15
15-Jun;Aser;17:46
15-Jun;Maghrib;22:04
15-Jun;Isha;23:11
16-Jun;Fajr;03:00
16-Jun;Shuruq;04:15
16-Jun;Dhuhr;13:15
16-Jun;Aser;17:46
16-Jun;Maghrib;22:05
16-Jun;Isha;23:11
17-Jun;Fajr;03:00
17-Jun;Shuruq;04:15
17-Jun;Dhuhr;13:15
17-Jun;Aser;17:46
17-Jun;Maghrib;22:05
17-Jun;Isha;23:12
18-Jun;Fajr;03:00
18-Jun;Shuruq;04:15
18-Jun;Dhuhr;13:15
18-Jun;Aser;17:47
18-Jun;Maghrib;22:06
18-Jun;Isha;23:12
19-Jun;Fajr;03:00
19-Jun;Shuruq;04:15
19-Jun;Dhuhr;13:15
19-Jun;Aser;17:47
19-Jun;Maghrib;22:06
19-Jun;Isha;23:13
20-Jun;Fajr;03:00
20-Jun;Shuruq;04:15
20-Jun;Dhuhr;13:16
20-Jun;Aser;17:47
20-Jun;Maghrib;22:07
20-Jun;Isha;23:13
21-Jun;Fajr;03:00
21-Jun;Shuruq;04:15
21-Jun;Dhuhr;13:16
21-Jun;Aser;17:47
21-Jun;Maghrib;22:07
21-Jun;Isha;23:13
22-Jun;Fajr;03:00
22-Jun;Shuruq;04:15
22-Jun;Dhuhr;13:16
22-Jun;Aser;17:48
22-Jun;Maghrib;22:07
22-Jun;Isha;23:13
23-Jun;Fajr;03:01
23-Jun;Shuruq;04:15
23-Jun;Dhuhr;13:16
23-Jun;Aser;17:48
23-Jun;Maghrib;22:07
23-Jun;Isha;23:14
24-Jun;Fajr;03:01
24-Jun;Shuruq;04:16
24-Jun;Dhuhr;13:17
24-Jun;Aser;17:48
24-Jun;Maghrib;22:07
24-Jun;Isha;23:14
25-Jun;Fajr;03:01
25-Jun;Shuruq;04:16
25-Jun;Dhuhr;13:17
25-Jun;Aser;17:48
25-Jun;Maghrib;22:07
25-Jun;Isha;23:14
26-Jun;Fajr;03:02
26-Jun;Shuruq;04:17
26-Jun;Dhuhr;13:17
26-Jun;Aser;17:48
26-Jun;Maghrib;22:07
26-Jun;Isha;23:14
27-Jun;Fajr;03:02
27-Jun;Shuruq;04:17
27-Jun;Dhuhr;13:17
27-Jun;Aser;17:48
27-Jun;Maghrib;22:07
27-Jun;Isha;23:14
28-Jun;Fajr;03:03
28-Jun;Shuruq;04:18
28-Jun;Dhuhr;13:17
28-Jun;Aser;17:49
28-Jun;Maghrib;22:07
28-Jun;Isha;23:14
29-Jun;Fajr;03:03
29-Jun;Shuruq;04:18
29-Jun;Dhuhr;13:18
29-Jun;Aser;17:49
29-Jun;Maghrib;22:07
29-Jun;Isha;23:14
30-Jun;Fajr;03:04
30-Jun;Shuruq;04:19
30-Jun;Dhuhr;13:18
30-Jun;Aser;17:49
30-Jun;Maghrib;22:06
30-Jun;Isha;23:14
01-Jul;Fajr;03:04
01-Jul;Shuruq;04:20
01-Jul;Dhuhr;13:18
01-Jul;Aser;17:49
01-Jul;Maghrib;22:06
01-Jul;Isha;23:13
02-Jul;Fajr;03:05
02-Jul;Shuruq;04:21
02-Jul;Dhuhr;13:18
02-Jul;Aser;17:49
02-Jul;Maghrib;22:06
02-Jul;Isha;23:13
03-Jul;Fajr;03:05
03-Jul;Shuruq;04:22
03-Jul;Dhuhr;13:18
03-Jul;Aser;17:49
03-Jul;Maghrib;22:05
03-Jul;Isha;23:13
04-Jul;Fajr;03:06
04-Jul;Shuruq;04:23
04-Jul;Dhuhr;13:19
04-Jul;Aser;17:49
04-Jul;Maghrib;22:05
04-Jul;Isha;23:13
05-Jul;Fajr;03:07
05-Jul;Shuruq;04:24
05-Jul;Dhuhr;13:19
05-Jul;Aser;17:48
05-Jul;Maghrib;22:04
05-Jul;Isha;23:12
06-Jul;Fajr;03:07
06-Jul;Shuruq;04:25
06-Jul;Dhuhr;13:19
06-Jul;Aser;17:48
06-Jul;Maghrib;22:03
06-Jul;Isha;23:12
07-Jul;Fajr;03:08
07-Jul;Shuruq;04:26
07-Jul;Dhuhr;13:19
07-Jul;Aser;17:48
07-Jul;Maghrib;22:02
07-Jul;Isha;23:12
08-Jul;Fajr;03:09
08-Jul;Shuruq;04:27
08-Jul;Dhuhr;13:19
08-Jul;Aser;17:48
08-Jul;Maghrib;22:02
08-Jul;Isha;23:11
09-Jul;Fajr;03:09
09-Jul;Shuruq;04:28
09-Jul;Dhuhr;13:19
09-Jul;Aser;17:48
09-Jul;Maghrib;22:01
09-Jul;Isha;23:11
10-Jul;Fajr;03:10
10-Jul;Shuruq;04:29
10-Jul;Dhuhr;13:20
10-Jul;Aser;17:48
10-Jul;Maghrib;22:00
10-Jul;Isha;23:10
11-Jul;Fajr;03:11
11-Jul;Shuruq;04:31
11-Jul;Dhuhr;13:20
11-Jul;Aser;17:47
11-Jul;Maghrib;21:59
11-Jul;Isha;23:09
12-Jul;Fajr;03:12
12-Jul;Shuruq;04:32
12-Jul;Dhuhr;13:20
12-Jul;Aser;17:47
12-Jul;Maghrib;21:58
12-Jul;Isha;23:09
13-Jul;Fajr;03:13
13-Jul;Shuruq;04:33
13-Jul;Dhuhr;13:20
13-Jul;Aser;17:47
13-Jul;Maghrib;21:57
13-Jul;Isha;23:08
14-Jul;Fajr;03:14
14-Jul;Shuruq;04:35
14-Jul;Dhuhr;13:20
14-Jul;Aser;17:47
14-Jul;Maghrib;21:55
14-Jul;Isha;23:07
15-Jul;Fajr;03:15
15-Jul;Shuruq;04:36
15-Jul;Dhuhr;13:20
15-Jul;Aser;17:46
15-Jul;Maghrib;21:54
15-Jul;Isha;23:07
16-Jul;Fajr;03:16
16-Jul;Shuruq;04:38
16-Jul;Dhuhr;13:20
16-Jul;Aser;17:46
16-Jul;Maghrib;21:53
16-Jul;Isha;23:06
17-Jul;Fajr;03:16
17-Jul;Shuruq;04:39
17-Jul;Dhuhr;13:20
17-Jul;Aser;17:45
17-Jul;Maghrib;21:52
17-Jul;Isha;23:05
18-Jul;Fajr;03:17
18-Jul;Shuruq;04:41
18-Jul;Dhuhr;13:20
18-Jul;Aser;17:45
18-Jul;Maghrib;21:50
18-Jul;Isha;23:04
19-Jul;Fajr;03:18
19-Jul;Shuruq;04:42
19-Jul;Dhuhr;13:21
19-Jul;Aser;17:45
19-Jul;Maghrib;21:49
19-Jul;Isha;23:03
20-Jul;Fajr;03:19
20-Jul;Shuruq;04:44
20-Jul;Dhuhr;13:21
20-Jul;Aser;17:44
20-Jul;Maghrib;21:47
20-Jul;Isha;23:02
21-Jul;Fajr;03:20
21-Jul;Shuruq;04:45
21-Jul;Dhuhr;13:21
21-Jul;Aser;17:44
21-Jul;Maghrib;21:46
21-Jul;Isha;23:01
22-Jul;Fajr;03:21
22-Jul;Shuruq;04:47
22-Jul;Dhuhr;13:21
22-Jul;Aser;17:43
22-Jul;Maghrib;21:44
22-Jul;Isha;23:00
23-Jul;Fajr;03:22
23-Jul;Shuruq;04:49
23-Jul;Dhuhr;13:21
23-Jul;Aser;17:42
23-Jul;Maghrib;21:43
23-Jul;Isha;22:59
24-Jul;Fajr;03:23
24-Jul;Shuruq;04:51
24-Jul;Dhuhr;13:21
24-Jul;Aser;17:42
24-Jul;Maghrib;21:41
24-Jul;Isha;22:58
25-Jul;Fajr;03:24
25-Jul;Shuruq;04:52
25-Jul;Dhuhr;13:21
25-Jul;Aser;17:41
25-Jul;Maghrib;21:39
25-Jul;Isha;22:57
26-Jul;Fajr;03:26
26-Jul;Shuruq;04:54
26-Jul;Dhuhr;13:21
26-Jul;Aser;17:41
26-Jul;Maghrib;21:37
26-Jul;Isha;22:56
27-Jul;Fajr;03:27
27-Jul;Shuruq;04:56
27-Jul;Dhuhr;13:21
27-Jul;Aser;17:40
27-Jul;Maghrib;21:36
27-Jul;Isha;22:55
28-Jul;Fajr;03:28
28-Jul;Shuruq;04:58
28-Jul;Dhuhr;13:21
28-Jul;Aser;17:39
28-Jul;Maghrib;21:34
28-Jul;Isha;22:54
29-Jul;Fajr;03:29
29-Jul;Shuruq;04:59
29-Jul;Dhuhr;13:21
29-Jul;Aser;17:38
29-Jul;Maghrib;21:32
29-Jul;Isha;22:53
30-Jul;Fajr;03:30
30-Jul;Shuruq;05:01
30-Jul;Dhuhr;13:21
30-Jul;Aser;17:38
30-Jul;Maghrib;21:30
30-Jul;Isha;22:51
31-Jul;Fajr;03:31
31-Jul;Shuruq;05:03
31-Jul;Dhuhr;13:21
31-Jul;Aser;17:37
31-Jul;Maghrib;21:28
31-Jul;Isha;22:50
01-Aug;Fajr;03:32
01-Aug;Shuruq;05:05
01-Aug;Dhuhr;13:21
01-Aug;Aser;17:36
01-Aug;Maghrib;21:26
01-Aug;Isha;22:49
02-Aug;Fajr;03:33
02-Aug;Shuruq;05:07
02-Aug;Dhuhr;13:21
02-Aug;Aser;17:35
02-Aug;Maghrib;21:24
02-Aug;Isha;22:48
03-Aug;Fajr;03:34
03-Aug;Shuruq;05:09
03-Aug;Dhuhr;13:20
03-Aug;Aser;17:34
03-Aug;Maghrib;21:22
03-Aug;Isha;22:46
04-Aug;Fajr;03:35
04-Aug;Shuruq;05:11
04-Aug;Dhuhr;13:20
04-Aug;Aser;17:33
04-Aug;Maghrib;21:20
04-Aug;Isha;22:45
05-Aug;Fajr;03:36
05-Aug;Shuruq;05:13
05-Aug;Dhuhr;13:20
05-Aug;Aser;17:32
05-Aug;Maghrib;21:18
05-Aug;Isha;22:44
06-Aug;Fajr;03:37
06-Aug;Shuruq;05:14
06-Aug;Dhuhr;13:20
06-Aug;Aser;17:31
06-Aug;Maghrib;21:16
06-Aug;Isha;22:42
07-Aug;Fajr;03:39
07-Aug;Shuruq;05:16
07-Aug;Dhuhr;13:20
07-Aug;Aser;17:30
07-Aug;Maghrib;21:14
07-Aug;Isha;22:41
08-Aug;Fajr;03:40
08-Aug;Shuruq;05:18
08-Aug;Dhuhr;13:20
08-Aug;Aser;17:29
08-Aug;Maghrib;21:12
08-Aug;Isha;22:39
09-Aug;Fajr;03:41
09-Aug;Shuruq;05:20
09-Aug;Dhuhr;13:20
09-Aug;Aser;17:28
09-Aug;Maghrib;21:09
09-Aug;Isha;22:38
10-Aug;Fajr;03:41
10-Aug;Shuruq;05:22
10-Aug;Dhuhr;13:20
10-Aug;Aser;17:27
10-Aug;Maghrib;21:07
10-Aug;Isha;22:37
11-Aug;Fajr;03:42
11-Aug;Shuruq;05:24
11-Aug;Dhuhr;13:20
11-Aug;Aser;17:26
11-Aug;Maghrib;21:05
11-Aug;Isha;22:36
12-Aug;Fajr;03:43
12-Aug;Shuruq;05:26
12-Aug;Dhuhr;13:19
12-Aug;Aser;17:25
12-Aug;Maghrib;21:03
12-Aug;Isha;22:35
13-Aug;Fajr;03:44
13-Aug;Shuruq;05:28
13-Aug;Dhuhr;13:19
13-Aug;Aser;17:24
13-Aug;Maghrib;21:00
13-Aug;Isha;22:34
14-Aug;Fajr;03:44
14-Aug;Shuruq;05:30
14-Aug;Dhuhr;13:19
14-Aug;Aser;17:23
14-Aug;Maghrib;20:58
14-Aug;Isha;22:33
15-Aug;Fajr;03:45
15-Aug;Shuruq;05:32
15-Aug;Dhuhr;13:19
15-Aug;Aser;17:22
15-Aug;Maghrib;20:56
15-Aug;Isha;22:32
16-Aug;Fajr;03:46
16-Aug;Shuruq;05:34
16-Aug;Dhuhr;13:19
16-Aug;Aser;17:20
16-Aug;Maghrib;20:53
16-Aug;Isha;22:31
17-Aug;Fajr;03:46
17-Aug;Shuruq;05:36
17-Aug;Dhuhr;13:18
17-Aug;Aser;17:19
17-Aug;Maghrib;20:51
17-Aug;Isha;22:30
18-Aug;Fajr;03:47
18-Aug;Shuruq;05:38
18-Aug;Dhuhr;13:18
18-Aug;Aser;17:18
18-Aug;Maghrib;20:49
18-Aug;Isha;22:29
19-Aug;Fajr;03:48
19-Aug;Shuruq;05:40
19-Aug;Dhuhr;13:18
19-Aug;Aser;17:16
19-Aug;Maghrib;20:46
19-Aug;Isha;22:28
20-Aug;Fajr;03:49
20-Aug;Shuruq;05:42
20-Aug;Dhuhr;13:18
20-Aug;Aser;17:15
20-Aug;Maghrib;20:44
20-Aug;Isha;22:27
21-Aug;Fajr;03:49
21-Aug;Shuruq;05:44
21-Aug;Dhuhr;13:18
21-Aug;Aser;17:14
21-Aug;Maghrib;20:41
21-Aug;Isha;22:26
22-Aug;Fajr;03:50
22-Aug;Shuruq;05:46
22-Aug;Dhuhr;13:17
22-Aug;Aser;17:12
22-Aug;Maghrib;20:39
22-Aug;Isha;22:26
23-Aug;Fajr;03:51
23-Aug;Shuruq;05:48
23-Aug;Dhuhr;13:17
23-Aug;Aser;17:11
23-Aug;Maghrib;20:36
23-Aug;Isha;22:25
24-Aug;Fajr;03:51
24-Aug;Shuruq;05:50
24-Aug;Dhuhr;13:17
24-Aug;Aser;17:10
24-Aug;Maghrib;20:34
24-Aug;Isha;22:24
25-Aug;Fajr;03:52
25-Aug;Shuruq;05:52
25-Aug;Dhuhr;13:17
25-Aug;Aser;17:08
25-Aug;Maghrib;20:31
25-Aug;Isha;22:23
26-Aug;Fajr;03:53
26-Aug;Shuruq;05:54
26-Aug;Dhuhr;13:16
26-Aug;Aser;17:07
26-Aug;Maghrib;20:29
26-Aug;Isha;22:22
27-Aug;Fajr;03:54
27-Aug;Shuruq;05:56
27-Aug;Dhuhr;13:16
27-Aug;Aser;17:05
27-Aug;Maghrib;20:26
27-Aug;Isha;22:21
28-Aug;Fajr;03:54
28-Aug;Shuruq;05:57
28-Aug;Dhuhr;13:16
28-Aug;Aser;17:04
28-Aug;Maghrib;20:24
28-Aug;Isha;22:20
29-Aug;Fajr;03:55
29-Aug;Shuruq;05:59
29-Aug;Dhuhr;13:15
29-Aug;Aser;17:02
29-Aug;Maghrib;20:21
29-Aug;Isha;22:19
30-Aug;Fajr;03:56
30-Aug;Shuruq;06:01
30-Aug;Dhuhr;13:15
30-Aug;Aser;17:01
30-Aug;Maghrib;20:19
30-Aug;Isha;22:18
31-Aug;Fajr;03:56
31-Aug;Shuruq;06:03
31-Aug;Dhuhr;13:15
31-Aug;Aser;16:59
31-Aug;Maghrib;20:16
31-Aug;Isha;22:17
01-Sep;Fajr;03:57
01-Sep;Shuruq;06:05
01-Sep;Dhuhr;13:14
01-Sep;Aser;16:57
01-Sep;Maghrib;20:14
01-Sep;Isha;22:13
02-Sep;Fajr;03:58
02-Sep;Shuruq;06:07
02-Sep;Dhuhr;13:14
02-Sep;Aser;16:56
02-Sep;Maghrib;20:11
02-Sep;Isha;22:10
03-Sep;Fajr;03:59
03-Sep;Shuruq;06:09
03-Sep;Dhuhr;13:14
03-Sep;Aser;16:54
03-Sep;Maghrib;20:08
03-Sep;Isha;22:06
04-Sep;Fajr;03:59
04-Sep;Shuruq;06:11
04-Sep;Dhuhr;13:13
04-Sep;Aser;16:53
04-Sep;Maghrib;20:06
04-Sep;Isha;22:03
05-Sep;Fajr;04:00
05-Sep;Shuruq;06:13
05-Sep;Dhuhr;13:13
05-Sep;Aser;16:51
05-Sep;Maghrib;20:03
05-Sep;Isha;21:59
06-Sep;Fajr;04:01
06-Sep;Shuruq;06:15
06-Sep;Dhuhr;13:13
06-Sep;Aser;16:49
06-Sep;Maghrib;20:01
06-Sep;Isha;21:56
07-Sep;Fajr;04:04
07-Sep;Shuruq;06:17
07-Sep;Dhuhr;13:12
07-Sep;Aser;16:48
07-Sep;Maghrib;19:58
07-Sep;Isha;21:52
08-Sep;Fajr;04:07
08-Sep;Shuruq;06:19
08-Sep;Dhuhr;13:12
08-Sep;Aser;16:46
08-Sep;Maghrib;19:55
08-Sep;Isha;21:49
09-Sep;Fajr;04:10
09-Sep;Shuruq;06:21
09-Sep;Dhuhr;13:12
09-Sep;Aser;16:44
09-Sep;Maghrib;19:53
09-Sep;Isha;21:46
10-Sep;Fajr;04:12
10-Sep;Shuruq;06:23
10-Sep;Dhuhr;13:11
10-Sep;Aser;16:42
10-Sep;Maghrib;19:50
10-Sep;Isha;21:42
11-Sep;Fajr;04:15
11-Sep;Shuruq;06:25
11-Sep;Dhuhr;13:11
11-Sep;Aser;16:41
11-Sep;Maghrib;19:47
11-Sep;Isha;21:39
12-Sep;Fajr;04:18
12-Sep;Shuruq;06:27
12-Sep;Dhuhr;13:11
12-Sep;Aser;16:39
12-Sep;Maghrib;19:45
12-Sep;Isha;21:36
13-Sep;Fajr;04:21
13-Sep;Shuruq;06:29
13-Sep;Dhuhr;13:10
13-Sep;Aser;16:37
13-Sep;Maghrib;19:42
13-Sep;Isha;21:32
14-Sep;Fajr;04:24
14-Sep;Shuruq;06:31
14-Sep;Dhuhr;13:10
14-Sep;Aser;16:35
14-Sep;Maghrib;19:39
14-Sep;Isha;21:29
15-Sep;Fajr;04:26
15-Sep;Shuruq;06:33
15-Sep;Dhuhr;13:10
15-Sep;Aser;16:33
15-Sep;Maghrib;19:37
15-Sep;Isha;21:26
16-Sep;Fajr;04:29
16-Sep;Shuruq;06:35
16-Sep;Dhuhr;13:09
16-Sep;Aser;16:32
16-Sep;Maghrib;19:34
16-Sep;Isha;21:23
17-Sep;Fajr;04:32
17-Sep;Shuruq;06:37
17-Sep;Dhuhr;13:09
17-Sep;Aser;16:30
17-Sep;Maghrib;19:31
17-Sep;Isha;21:19
18-Sep;Fajr;04:34
18-Sep;Shuruq;06:38
18-Sep;Dhuhr;13:09
18-Sep;Aser;16:28
18-Sep;Maghrib;19:29
18-Sep;Isha;21:16
19-Sep;Fajr;04:37
19-Sep;Shuruq;06:40
19-Sep;Dhuhr;13:08
19-Sep;Aser;16:26
19-Sep;Maghrib;19:26
19-Sep;Isha;21:13
20-Sep;Fajr;04:39
20-Sep;Shuruq;06:42
20-Sep;Dhuhr;13:08
20-Sep;Aser;16:24
20-Sep;Maghrib;19:23
20-Sep;Isha;21:10
21-Sep;Fajr;04:42
21-Sep;Shuruq;06:44
21-Sep;Dhuhr;13:08
21-Sep;Aser;16:22
21-Sep;Maghrib;19:21
21-Sep;Isha;21:07
22-Sep;Fajr;04:44
22-Sep;Shuruq;06:46
22-Sep;Dhuhr;13:07
22-Sep;Aser;16:20
22-Sep;Maghrib;19:18
22-Sep;Isha;21:04
23-Sep;Fajr;04:47
23-Sep;Shuruq;06:48
23-Sep;Dhuhr;13:07
23-Sep;Aser;16:19
23-Sep;Maghrib;19:15
23-Sep;Isha;21:01
24-Sep;Fajr;04:49
24-Sep;Shuruq;06:50
24-Sep;Dhuhr;13:06
24-Sep;Aser;16:17
24-Sep;Maghrib;19:13
24-Sep;Isha;20:58
25-Sep;Fajr;04:52
25-Sep;Shuruq;06:52
25-Sep;Dhuhr;13:06
25-Sep;Aser;16:15
25-Sep;Maghrib;19:10
25-Sep;Isha;20:55
26-Sep;Fajr;04:54
26-Sep;Shuruq;06:54
26-Sep;Dhuhr;13:06
26-Sep;Aser;16:13
26-Sep;Maghrib;19:07
26-Sep;Isha;20:52
27-Sep;Fajr;04:56
27-Sep;Shuruq;06:56
27-Sep;Dhuhr;13:05
27-Sep;Aser;16:11
27-Sep;Maghrib;19:05
27-Sep;Isha;20:49
28-Sep;Fajr;04:59
28-Sep;Shuruq;06:58
28-Sep;Dhuhr;13:05
28-Sep;Aser;16:09
28-Sep;Maghrib;19:02
28-Sep;Isha;20:46
29-Sep;Fajr;05:01
29-Sep;Shuruq;07:00
29-Sep;Dhuhr;13:05
29-Sep;Aser;16:07
29-Sep;Maghrib;19:00
29-Sep;Isha;20:43
30-Sep;Fajr;05:03
30-Sep;Shuruq;07:02
30-Sep;Dhuhr;13:04
30-Sep;Aser;16:05
30-Sep;Maghrib;18:57
30-Sep;Isha;20:40
01-Oct;Fajr;05:05
01-Oct;Shuruq;07:04
01-Oct;Dhuhr;13:04
01-Oct;Aser;16:03
01-Oct;Maghrib;18:54
01-Oct;Isha;20:37
02-Oct;Fajr;05:08
02-Oct;Shuruq;07:06
02-Oct;Dhuhr;13:04
02-Oct;Aser;16:01
02-Oct;Maghrib;18:52
02-Oct;Isha;20:35
03-Oct;Fajr;05:10
03-Oct;Shuruq;07:08
03-Oct;Dhuhr;13:03
03-Oct;Aser;15:59
03-Oct;Maghrib;18:49
03-Oct;Isha;20:32
04-Oct;Fajr;05:12
04-Oct;Shuruq;07:10
04-Oct;Dhuhr;13:03
04-Oct;Aser;15:57
04-Oct;Maghrib;18:46
04-Oct;Isha;20:29
05-Oct;Fajr;05:14
05-Oct;Shuruq;07:12
05-Oct;Dhuhr;13:03
05-Oct;Aser;15:55
05-Oct;Maghrib;18:44
05-Oct;Isha;20:26
06-Oct;Fajr;05:16
06-Oct;Shuruq;07:14
06-Oct;Dhuhr;13:03
06-Oct;Aser;15:53
06-Oct;Maghrib;18:41
06-Oct;Isha;20:24
07-Oct;Fajr;05:19
07-Oct;Shuruq;07:16
07-Oct;Dhuhr;13:02
07-Oct;Aser;15:51
07-Oct;Maghrib;18:38
07-Oct;Isha;20:21
08-Oct;Fajr;05:21
08-Oct;Shuruq;07:18
08-Oct;Dhuhr;13:02
08-Oct;Aser;15:49
08-Oct;Maghrib;18:36
08-Oct;Isha;20:18
09-Oct;Fajr;05:23
09-Oct;Shuruq;07:20
09-Oct;Dhuhr;13:02
09-Oct;Aser;15:47
09-Oct;Maghrib;18:33
09-Oct;Isha;20:16
10-Oct;Fajr;05:25
10-Oct;Shuruq;07:22
10-Oct;Dhuhr;13:01
10-Oct;Aser;15:45
10-Oct;Maghrib;18:31
10-Oct;Isha;20:13
11-Oct;Fajr;05:27
11-Oct;Shuruq;07:24
11-Oct;Dhuhr;13:01
11-Oct;Aser;15:43
11-Oct;Maghrib;18:28
11-Oct;Isha;20:11
12-Oct;Fajr;05:29
12-Oct;Shuruq;07:26
12-Oct;Dhuhr;13:01
12-Oct;Aser;15:42
12-Oct;Maghrib;18:26
12-Oct;Isha;20:08
13-Oct;Fajr;05:31
13-Oct;Shuruq;07:28
13-Oct;Dhuhr;13:01
13-Oct;Aser;15:40
13-Oct;Maghrib;18:23
13-Oct;Isha;20:05
14-Oct;Fajr;05:33
14-Oct;Shuruq;07:30
14-Oct;Dhuhr;13:00
14-Oct;Aser;15:38
14-Oct;Maghrib;18:21
14-Oct;Isha;20:03
15-Oct;Fajr;05:35
15-Oct;Shuruq;07:32
15-Oct;Dhuhr;13:00
15-Oct;Aser;15:36
15-Oct;Maghrib;18:18
15-Oct;Isha;20:00
16-Oct;Fajr;05:37
16-Oct;Shuruq;07:34
16-Oct;Dhuhr;13:00
16-Oct;Aser;15:34
16-Oct;Maghrib;18:16
16-Oct;Isha;19:58
17-Oct;Fajr;05:39
17-Oct;Shuruq;07:36
17-Oct;Dhuhr;13:00
17-Oct;Aser;15:32
17-Oct;Maghrib;18:13
17-Oct;Isha;19:56
18-Oct;Fajr;05:41
18-Oct;Shuruq;07:38
18-Oct;Dhuhr;13:00
18-Oct;Aser;15:30
18-Oct;Maghrib;18:11
18-Oct;Isha;19:53
19-Oct;Fajr;05:43
19-Oct;Shuruq;07:41
19-Oct;Dhuhr;12:59
19-Oct;Aser;15:28
19-Oct;Maghrib;18:08
19-Oct;Isha;19:51
20-Oct;Fajr;05:45
20-Oct;Shuruq;07:43
20-Oct;Dhuhr;12:59
20-Oct;Aser;15:26
20-Oct;Maghrib;18:06
20-Oct;Isha;19:49
21-Oct;Fajr;05:47
21-Oct;Shuruq;07:45
21-Oct;Dhuhr;12:59
21-Oct;Aser;15:24
21-Oct;Maghrib;18:03
21-Oct;Isha;19:46
22-Oct;Fajr;05:49
22-Oct;Shuruq;07:47
22-Oct;Dhuhr;12:59
22-Oct;Aser;15:22
22-Oct;Maghrib;18:01
22-Oct;Isha;19:44
23-Oct;Fajr;05:51
23-Oct;Shuruq;07:49
23-Oct;Dhuhr;12:59
23-Oct;Aser;15:21
23-Oct;Maghrib;17:58
23-Oct;Isha;19:42
24-Oct;Fajr;05:53
24-Oct;Shuruq;07:51
24-Oct;Dhuhr;12:59
24-Oct;Aser;15:19
24-Oct;Maghrib;17:56
24-Oct;Isha;19:39
25-Oct;Fajr;05:55
25-Oct;Shuruq;07:53
25-Oct;Dhuhr;12:58
25-Oct;Aser;15:17
25-Oct;Maghrib;17:54
25-Oct;Isha;19:37
26-Oct;Fajr;05:57
26-Oct;Shuruq;07:55
26-Oct;Dhuhr;12:58
26-Oct;Aser;15:15
26-Oct;Maghrib;17:51
26-Oct;Isha;19:35
27-Oct;Fajr;05:59
27-Oct;Shuruq;07:57
27-Oct;Dhuhr;12:58
27-Oct;Aser;15:13
27-Oct;Maghrib;17:49
27-Oct;Isha;19:33
28-Oct;Fajr;06:01
28-Oct;Shuruq;07:59
28-Oct;Dhuhr;12:58
28-Oct;Aser;15:12
28-Oct;Maghrib;17:47
28-Oct;Isha;19:31
29-Oct;Fajr;05:03
29-Oct;Shuruq;07:02
29-Oct;Dhuhr;11:58
29-Oct;Aser;14:10
29-Oct;Maghrib;16:44
29-Oct;Isha;18:29
30-Oct;Fajr;05:05
30-Oct;Shuruq;07:04
30-Oct;Dhuhr;11:58
30-Oct;Aser;14:08
30-Oct;Maghrib;16:42
30-Oct;Isha;18:27
31-Oct;Fajr;05:06
31-Oct;Shuruq;07:06
31-Oct;Dhuhr;11:58
31-Oct;Aser;14:06
31-Oct;Maghrib;16:40
31-Oct;Isha;18:25
01-Nov;Fajr;05:08
01-Nov;Shuruq;07:08
01-Nov;Dhuhr;11:58
01-Nov;Aser;14:05
01-Nov;Maghrib;16:38
01-Nov;Isha;18:23
02-Nov;Fajr;05:10
02-Nov;Shuruq;07:10
02-Nov;Dhuhr;11:58
02-Nov;Aser;14:03
02-Nov;Maghrib;16:35
02-Nov;Isha;18:21
03-Nov;Fajr;05:12
03-Nov;Shuruq;07:12
03-Nov;Dhuhr;11:58
03-Nov;Aser;14:01
03-Nov;Maghrib;16:33
03-Nov;Isha;18:19
04-Nov;Fajr;05:14
04-Nov;Shuruq;07:14
04-Nov;Dhuhr;11:58
04-Nov;Aser;14:00
04-Nov;Maghrib;16:31
04-Nov;Isha;18:17
05-Nov;Fajr;05:16
05-Nov;Shuruq;07:17
05-Nov;Dhuhr;11:58
05-Nov;Aser;13:58
05-Nov;Maghrib;16:29
05-Nov;Isha;18:16
06-Nov;Fajr;05:17
06-Nov;Shuruq;07:19
06-Nov;Dhuhr;11:58
06-Nov;Aser;13:56
06-Nov;Maghrib;16:27
06-Nov;Isha;18:14
07-Nov;Fajr;05:19
07-Nov;Shuruq;07:21
07-Nov;Dhuhr;11:58
07-Nov;Aser;13:55
07-Nov;Maghrib;16:25
07-Nov;Isha;18:12
08-Nov;Fajr;05:21
08-Nov;Shuruq;07:23
08-Nov;Dhuhr;11:58
08-Nov;Aser;13:53
08-Nov;Maghrib;16:23
08-Nov;Isha;18:10
09-Nov;Fajr;05:23
09-Nov;Shuruq;07:25
09-Nov;Dhuhr;11:58
09-Nov;Aser;13:52
09-Nov;Maghrib;16:21
09-Nov;Isha;18:09
10-Nov;Fajr;05:24
10-Nov;Shuruq;07:27
10-Nov;Dhuhr;11:58
10-Nov;Aser;13:50
10-Nov;Maghrib;16:19
10-Nov;Isha;18:07
11-Nov;Fajr;05:26
11-Nov;Shuruq;07:29
11-Nov;Dhuhr;11:58
11-Nov;Aser;13:49
11-Nov;Maghrib;16:17
11-Nov;Isha;18:06
12-Nov;Fajr;05:28
12-Nov;Shuruq;07:31
12-Nov;Dhuhr;11:58
12-Nov;Aser;13:48
12-Nov;Maghrib;16:15
12-Nov;Isha;18:04
13-Nov;Fajr;05:30
13-Nov;Shuruq;07:33
13-Nov;Dhuhr;11:58
13-Nov;Aser;13:46
13-Nov;Maghrib;16:13
13-Nov;Isha;18:03
14-Nov;Fajr;05:31
14-Nov;Shuruq;07:36
14-Nov;Dhuhr;11:59
14-Nov;Aser;13:45
14-Nov;Maghrib;16:11
14-Nov;Isha;18:01
15-Nov;Fajr;05:33
15-Nov;Shuruq;07:38
15-Nov;Dhuhr;11:59
15-Nov;Aser;13:44
15-Nov;Maghrib;16:10
15-Nov;Isha;18:00
16-Nov;Fajr;05:35
16-Nov;Shuruq;07:40
16-Nov;Dhuhr;11:59
16-Nov;Aser;13:42
16-Nov;Maghrib;16:08
16-Nov;Isha;17:59
17-Nov;Fajr;05:36
17-Nov;Shuruq;07:42
17-Nov;Dhuhr;11:59
17-Nov;Aser;13:41
17-Nov;Maghrib;16:06
17-Nov;Isha;17:57
18-Nov;Fajr;05:38
18-Nov;Shuruq;07:44
18-Nov;Dhuhr;11:59
18-Nov;Aser;13:40
18-Nov;Maghrib;16:05
18-Nov;Isha;17:56
19-Nov;Fajr;05:40
19-Nov;Shuruq;07:46
19-Nov;Dhuhr;11:59
19-Nov;Aser;13:39
19-Nov;Maghrib;16:03
19-Nov;Isha;17:55
20-Nov;Fajr;05:41
20-Nov;Shuruq;07:48
20-Nov;Dhuhr;12:00
20-Nov;Aser;13:38
20-Nov;Maghrib;16:02
20-Nov;Isha;17:54
21-Nov;Fajr;05:43
21-Nov;Shuruq;07:50
21-Nov;Dhuhr;12:00
21-Nov;Aser;13:37
21-Nov;Maghrib;16:00
21-Nov;Isha;17:53
22-Nov;Fajr;05:44
22-Nov;Shuruq;07:52
22-Nov;Dhuhr;12:00
22-Nov;Aser;13:36
22-Nov;Maghrib;15:59
22-Nov;Isha;17:51
23-Nov;Fajr;05:46
23-Nov;Shuruq;07:54
23-Nov;Dhuhr;12:00
23-Nov;Aser;13:35
23-Nov;Maghrib;15:57
23-Nov;Isha;17:50
24-Nov;Fajr;05:47
24-Nov;Shuruq;07:56
24-Nov;Dhuhr;12:01
24-Nov;Aser;13:34
24-Nov;Maghrib;15:56
24-Nov;Isha;17:49
25-Nov;Fajr;05:49
25-Nov;Shuruq;07:57
25-Nov;Dhuhr;12:01
25-Nov;Aser;13:33
25-Nov;Maghrib;15:54
25-Nov;Isha;17:49
26-Nov;Fajr;05:50
26-Nov;Shuruq;07:59
26-Nov;Dhuhr;12:01
26-Nov;Aser;13:32
26-Nov;Maghrib;15:53
26-Nov;Isha;17:48
27-Nov;Fajr;05:52
27-Nov;Shuruq;08:01
27-Nov;Dhuhr;12:02
27-Nov;Aser;13:31
27-Nov;Maghrib;15:52
27-Nov;Isha;17:47
28-Nov;Fajr;05:53
28-Nov;Shuruq;08:03
28-Nov;Dhuhr;12:02
28-Nov;Aser;13:30
28-Nov;Maghrib;15:51
28-Nov;Isha;17:46
29-Nov;Fajr;05:54
29-Nov;Shuruq;08:05
29-Nov;Dhuhr;12:02
29-Nov;Aser;13:30
29-Nov;Maghrib;15:50
29-Nov;Isha;17:45
30-Nov;Fajr;05:56
30-Nov;Shuruq;08:06
30-Nov;Dhuhr;12:03
30-Nov;Aser;13:29
30-Nov;Maghrib;15:49
30-Nov;Isha;17:45
01-Dec;Fajr;05:57
01-Dec;Shuruq;08:08
01-Dec;Dhuhr;12:03
01-Dec;Aser;13:28
01-Dec;Maghrib;15:48
01-Dec;Isha;17:44
02-Dec;Fajr;05:58
02-Dec;Shuruq;08:10
02-Dec;Dhuhr;12:03
02-Dec;Aser;13:28
02-Dec;Maghrib;15:47
02-Dec;Isha;17:44
03-Dec;Fajr;06:00
03-Dec;Shuruq;08:11
03-Dec;Dhuhr;12:04
03-Dec;Aser;13:27
03-Dec;Maghrib;15:46
03-Dec;Isha;17:43
04-Dec;Fajr;06:01
04-Dec;Shuruq;08:13
04-Dec;Dhuhr;12:04
04-Dec;Aser;13:27
04-Dec;Maghrib;15:45
04-Dec;Isha;17:43
05-Dec;Fajr;06:02
05-Dec;Shuruq;08:15
05-Dec;Dhuhr;12:04
05-Dec;Aser;13:26
05-Dec;Maghrib;15:44
05-Dec;Isha;17:42
06-Dec;Fajr;06:03
06-Dec;Shuruq;08:16
06-Dec;Dhuhr;12:05
06-Dec;Aser;13:26
06-Dec;Maghrib;15:44
06-Dec;Isha;17:42
07-Dec;Fajr;06:04
07-Dec;Shuruq;08:18
07-Dec;Dhuhr;12:05
07-Dec;Aser;13:26
07-Dec;Maghrib;15:43
07-Dec;Isha;17:41
08-Dec;Fajr;06:05
08-Dec;Shuruq;08:19
08-Dec;Dhuhr;12:06
08-Dec;Aser;13:25
08-Dec;Maghrib;15:43
08-Dec;Isha;17:41
09-Dec;Fajr;06:07
09-Dec;Shuruq;08:20
09-Dec;Dhuhr;12:06
09-Dec;Aser;13:25
09-Dec;Maghrib;15:42
09-Dec;Isha;17:41
10-Dec;Fajr;06:08
10-Dec;Shuruq;08:22
10-Dec;Dhuhr;12:07
10-Dec;Aser;13:25
10-Dec;Maghrib;15:42
10-Dec;Isha;17:41
11-Dec;Fajr;06:09
11-Dec;Shuruq;08:23
11-Dec;Dhuhr;12:07
11-Dec;Aser;13:25
11-Dec;Maghrib;15:41
11-Dec;Isha;17:41
12-Dec;Fajr;06:10
12-Dec;Shuruq;08:24
12-Dec;Dhuhr;12:08
12-Dec;Aser;13:25
12-Dec;Maghrib;15:41
12-Dec;Isha;17:41
13-Dec;Fajr;06:10
13-Dec;Shuruq;08:25
13-Dec;Dhuhr;12:08
13-Dec;Aser;13:25
13-Dec;Maghrib;15:41
13-Dec;Isha;17:41
14-Dec;Fajr;06:11
14-Dec;Shuruq;08:26
14-Dec;Dhuhr;12:08
14-Dec;Aser;13:25
14-Dec;Maghrib;15:41
14-Dec;Isha;17:41
15-Dec;Fajr;06:12
15-Dec;Shuruq;08:27
15-Dec;Dhuhr;12:09
15-Dec;Aser;13:25
15-Dec;Maghrib;15:41
15-Dec;Isha;17:41
16-Dec;Fajr;06:13
16-Dec;Shuruq;08:28
16-Dec;Dhuhr;12:09
16-Dec;Aser;13:25
16-Dec;Maghrib;15:41
16-Dec;Isha;17:41
17-Dec;Fajr;06:14
17-Dec;Shuruq;08:29
17-Dec;Dhuhr;12:10
17-Dec;Aser;13:25
17-Dec;Maghrib;15:41
17-Dec;Isha;17:41
18-Dec;Fajr;06:14
18-Dec;Shuruq;08:30
18-Dec;Dhuhr;12:10
18-Dec;Aser;13:26
18-Dec;Maghrib;15:41
18-Dec;Isha;17:42
19-Dec;Fajr;06:15
19-Dec;Shuruq;08:31
19-Dec;Dhuhr;12:11
19-Dec;Aser;13:26
19-Dec;Maghrib;15:41
19-Dec;Isha;17:42
20-Dec;Fajr;06:16
20-Dec;Shuruq;08:31
20-Dec;Dhuhr;12:11
20-Dec;Aser;13:26
20-Dec;Maghrib;15:42
20-Dec;Isha;17:42
21-Dec;Fajr;06:16
21-Dec;Shuruq;08:32
21-Dec;Dhuhr;12:12
21-Dec;Aser;13:27
21-Dec;Maghrib;15:42
21-Dec;Isha;17:43
22-Dec;Fajr;06:17
22-Dec;Shuruq;08:32
22-Dec;Dhuhr;12:12
22-Dec;Aser;13:27
22-Dec;Maghrib;15:42
22-Dec;Isha;17:43
23-Dec;Fajr;06:17
23-Dec;Shuruq;08:33
23-Dec;Dhuhr;12:13
23-Dec;Aser;13:28
23-Dec;Maghrib;15:43
23-Dec;Isha;17:44
24-Dec;Fajr;06:18
24-Dec;Shuruq;08:33
24-Dec;Dhuhr;12:13
24-Dec;Aser;13:28
24-Dec;Maghrib;15:44
24-Dec;Isha;17:44
25-Dec;Fajr;06:18
25-Dec;Shuruq;08:34
25-Dec;Dhuhr;12:14
25-Dec;Aser;13:29
25-Dec;Maghrib;15:44
25-Dec;Isha;17:45
26-Dec;Fajr;06:18
26-Dec;Shuruq;08:34
26-Dec;Dhuhr;12:14
26-Dec;Aser;13:30
26-Dec;Maghrib;15:45
26-Dec;Isha;17:45
27-Dec;Fajr;06:19
27-Dec;Shuruq;08:34
27-Dec;Dhuhr;12:15
27-Dec;Aser;13:30
27-Dec;Maghrib;15:46
27-Dec;Isha;17:46
28-Dec;Fajr;06:19
28-Dec;Shuruq;08:34
28-Dec;Dhuhr;12:15
28-Dec;Aser;13:31
28-Dec;Maghrib;15:47
28-Dec;Isha;17:47
29-Dec;Fajr;06:19
29-Dec;Shuruq;08:34
29-Dec;Dhuhr;12:16
29-Dec;Aser;13:32
29-Dec;Maghrib;15:48
29-Dec;Isha;17:48
30-Dec;Fajr;06:19
30-Dec;Shuruq;08:34
30-Dec;Dhuhr;12:16
30-Dec;Aser;13:33
30-Dec;Maghrib;15:49
30-Dec;Isha;17:49
31-Dec;Fajr;06:19
31-Dec;Shuruq;08:34
31-Dec;Dhuhr;12:17
31-Dec;Aser;13:34
31-Dec;Maghrib;15:50
31-Dec;Isha;17:49
